{
    "name":"Mistborn",
    "title":"Unnificial Mistborn Adventure Game",
    "description":"Based on Crafty games Mistborn Adventure Game with house rules",
    "version":"0.0.1",
    "minimumCoreVersion": "0.7.9",
    "compatibleCoreVersion": "0.7.9",
    "templateVersion":1,
    "author":"Nehon",    
    "esmodules": ["module/simple.js"],
    "styles": ["styles/simple.css"],
    "packs":[],
    "languages":[
        {
            "lang":"en",
            "name":"English",
            "path":"lang/en.json"
        }
    ],
    "socket": false,    
    "gridDistance": 1,
    "gridUnits": "m",
    "primaryTokenAttribute": "resiliances.health",
    "secondaryTokenAttribute": "resiliences.willpower",
    "url": "https://https://github.com/Nehon/MistbornVTT",
    "manifest": "https://raw.githubusercontent.com/Nehon/MistbornVTT/master/system.json",
    "download": "https://github.com/Nehon/MistbornVTT/raw/master/download/archive.zip",
    "license": "licence.txt"
}