{
"Actor": {
  "types": ["character"],
  "templates": {
    "base": {
      "name": "",
      "concept": "",
      "race": "",
      "sex":"",
      "age":"",
      "height":"",
      "weight":"",
      "crewName":"",
      "cause":"",
      "target":"",
      "method":""
    },
    "attributes": {
      "physique": 0,
      "charm": 0,
      "wits": 0
    },
    "standings": {
      "resources": {
          "value":0,
          "max":0
      },
      "influence": {
          "value":0,
          "max":0
      },
      "spirit": {
          "value":0,
          "max":0
      }      
    },
    "resiliences": {
      "health": {
          "value":0,
          "max":0
      },
      "reputation": {
          "value":0,
          "max":0
      },
      "willpower": {
          "value":0,
          "max":0
      }      
    },
    "traits":[
        {"name":""}
    ],
    "burdens":[
        {"name":""}
    ],
    "powers":[
        {
            "type":"allomancy",
            "name":"",
            "metal":"",
            "rating":0,
            "charges":0,
            "stunts":[
                {
                    "name":"",
                    "effect":""
                }
            ]
        }
    ] 
  },
  "character": {
    "templates": ["base", "attributes", "standings","resiliances","traits", "burdens","powers"],
    "tragedy": "",
    "destiny":"",
    "secretsKnown":[
        {
            "details":""
        }
    ],
    "advancements":0
  }
},
"Item": {
  "types": ["props"],  
  "props": {
    "name": "",
    "description": ""
  }
}
}